Course,Year,StudentSeqID,Exam,Exam %,LecturesViewed,UniqueViews,TotalViewDuration,DaysBeforeExam
1,1,1,1,87.5,2,3,94.4333333333333,1
1,1,1,2,77.1428571428572,0,0,0,0
1,1,1,3,83,4,5,337.533333333333,19
1,1,2,1,77.5,1,2,100.483333333333,44
1,1,2,2,82.8571428571429,3,3,300.7,7
1,1,2,3,85,4,4,382.716666666667,2
1,1,3,1,47.5,0,0,0,0
1,1,3,2,14.2857142857143,0,0,0,0
1,1,3,3,40,0,0,0,0
1,1,4,1,57.5,0,0,0,0
1,1,4,2,57.1428571428571,0,0,0,0
1,1,4,3,69,0,0,0,0
1,1,5,1,67.5,3,9,206.1,40
1,1,5,2,60,1,1,30.1,0
1,1,5,3,58.5,3,3,167.333333333333,0
1,1,6,1,90,0,0,0,0
1,1,6,2,82.8571428571429,0,0,0,0
1,1,6,3,87,2,2,125.466666666667,1
1,1,7,1,50,0,0,0,0
1,1,7,2,54.2857142857143,1,2,59.0666666666667,4
1,1,7,3,45,0,0,0,0
1,1,8,1,57.5,0,0,0,0
1,1,8,2,31.4285714285714,0,0,0,0
1,1,8,3,55.5,0,0,0,0
1,1,9,1,45,1,1,2.1,0
1,1,9,2,62.8571428571429,3,6,315.833333333333,33
1,1,9,3,77,4,4,315.016666666667,5
1,1,10,1,62.5,0,0,0,0
1,1,10,2,60,0,0,0,0
1,1,10,3,52,0,0,0,0
1,1,11,1,55,1,1,17.62,3
1,1,11,2,54.2857142857143,0,0,0,0
1,1,11,3,66,0,0,0,0
1,1,12,1,60,0,0,0,0
1,1,12,2,51.4285714285714,0,0,0,0
1,1,12,3,56,0,0,0,0
1,1,13,1,67.5,1,1,33.9666666666667,25
1,1,13,2,65.7142857142857,0,0,0,0
1,1,13,3,66,0,0,0,0
1,1,14,1,55,0,0,0,0
1,1,14,2,45.7142857142857,0,0,0,0
1,1,14,3,56,0,0,0,0
1,1,15,2,48.5714285714286,0,0,0,0
1,1,15,3,45.5,0,0,0,0
1,1,16,1,57.5,0,0,0,0
1,1,16,2,74.2857142857143,0,0,0,0
1,1,16,3,66,0,0,0,0
1,1,17,1,62.5,1,1,41.5666666666667,1
1,1,17,2,34.2857142857143,0,0,0,0
1,1,17,3,50,1,1,75.6166666666667,2
1,1,18,1,57.5,2,4,132.6,4
1,1,18,2,57.1428571428571,0,0,0,0
1,1,18,3,66,4,4,203.05,2
1,1,19,1,85,0,0,0,0
1,1,19,2,65.7142857142857,0,0,0,0
1,1,19,3,79,0,0,0,0
1,1,20,1,60,0,0,0,0
1,1,20,2,71.4285714285714,0,0,0,0
1,1,20,3,72,0,0,0,0
1,1,21,1,82.5,0,0,0,0
1,1,21,2,85.7142857142857,0,0,0,0
1,1,21,3,85,0,0,0,0
1,1,22,1,62.5,1,1,54.95,1
1,1,22,2,62.8571428571429,2,2,22.6,1
1,1,22,3,73,4,4,197,1
1,1,23,1,82.5,0,0,0,0
1,1,23,2,60,0,0,0,0
1,1,23,3,72,0,0,0,0
1,1,24,1,72.5,0,0,0,0
1,1,24,2,68.5714285714286,0,0,0,0
1,1,24,3,77.5,2,4,221.983333333333,2
1,1,25,1,72.5,0,0,0,0
1,1,25,2,62.8571428571429,0,0,0,0
1,1,25,3,63.5,0,0,0,0
1,1,26,1,65,0,0,0,0
1,1,26,2,62.8571428571429,0,0,0,0
1,1,26,3,54.5,0,0,0,0
1,1,27,1,57.5,1,3,42.7,7
1,1,27,2,60,2,3,31.4,5
1,1,27,3,50,0,0,0,0
1,1,28,1,52.5,0,0,0,0
1,1,28,2,57.1428571428571,0,0,0,0
1,1,28,3,46.5,0,0,0,0
1,1,29,1,72.5,1,1,20.1833333333333,2
1,1,29,2,62.8571428571429,1,1,32.4166666666667,1
1,1,29,3,66,0,0,0,0
1,1,30,1,72.5,0,0,0,0
1,1,30,2,65.7142857142857,0,0,0,0
1,1,30,3,66,0,0,0,0
1,1,31,1,60,0,0,0,0
1,1,31,2,45.7142857142857,1,1,16.3,0
1,1,31,3,58,0,0,0,0
1,1,32,1,70,0,0,0,0
1,1,32,2,40,0,0,0,0
1,1,32,3,67,1,1,25.317,1
1,1,33,1,87.5,0,0,0,0
1,1,33,2,74.2857142857143,0,0,0,0
1,1,33,3,85,0,0,0,0
1,1,34,1,42.5,0,0,0,0
1,1,34,2,54.2857142857143,0,0,0,0
1,1,34,3,50.5,0,0,0,0
1,1,35,1,42.5,1,1,24.0166666666667,0
1,1,35,2,45.7142857142857,0,0,0,0
1,1,35,3,46,0,0,0,0
1,1,36,1,72.5,0,0,0,0
1,1,36,2,65.7142857142857,0,0,0,0
1,1,36,3,77,0,0,0,0
1,1,37,1,70,1,1,108.85,1
1,1,37,2,65.7142857142857,0,0,0,0
1,1,37,3,60.5,0,0,0,0
1,1,38,1,75,0,0,0,0
1,1,38,2,71.4285714285714,0,0,0,0
1,1,38,3,84.5,2,2,88.5,1
1,1,39,1,75,0,0,0,0
1,1,39,2,37.1428571428572,0,0,0,0
1,1,39,3,57,0,0,0,0
1,1,40,1,80,0,0,0,0
1,1,40,2,65.7142857142857,0,0,0,0
1,1,40,3,69,0,0,0,0
1,1,41,1,65,0,0,0,0
1,1,41,2,74.2857142857143,0,0,0,0
1,1,41,3,72,0,0,0,0
1,1,42,1,35,0,0,0,0
1,1,42,2,42.8571428571429,0,0,0,0
1,1,42,3,50,0,0,0,0
1,1,43,1,45,0,0,0,0
1,1,43,2,60,0,0,0,0
1,1,43,3,46,0,0,0,0
1,1,44,1,65,0,0,0,0
1,1,44,2,45.7142857142857,0,0,0,0
1,1,44,3,53,0,0,0,0
1,1,45,1,62.5,2,4,144.033333333333,0
1,1,45,2,68.5714285714286,2,2,78.4666666666667,1
1,1,45,3,51.5,2,2,36.9333333333333,0
1,1,46,1,65,0,0,0,0
1,1,46,2,54.2857142857143,1,1,92.0333333333333,0
1,1,46,3,61,2,2,166.216666666667,34
1,1,47,1,60,0,0,0,0
1,1,47,2,37.1428571428572,0,0,0,0
1,1,47,3,48.5,0,0,0,0
1,1,48,1,47.5,0,0,0,0
1,1,48,2,34.2857142857143,0,0,0,0
1,1,48,3,40,0,0,0,0
1,1,49,1,57.5,1,1,14.1666666666667,0
1,1,49,2,45.7142857142857,1,1,10.2166666666667,0
1,1,49,3,55,0,0,0,0
1,1,50,1,50,0,0,0,0
1,1,50,2,40,2,2,92.65,2
1,1,51,1,47.5,0,0,0,0
1,1,51,2,48.5714285714286,0,0,0,0
1,1,51,3,54,0,0,0,0
1,1,52,1,57.5,1,3,97.2166666666667,39
1,1,52,2,31.4285714285714,1,1,16.6167,10
1,1,52,3,49,4,6,188.583333333333,50
1,1,53,1,80,0,0,0,0
1,1,53,2,71.4285714285714,0,0,0,0
1,1,53,3,64,0,0,0,0
1,1,54,1,70,0,0,0,0
1,1,54,2,60,0,0,0,0
1,1,54,3,63,0,0,0,0
1,1,55,1,85,1,1,109.433333333333,3
1,1,55,2,82.8571428571429,2,4,143.766666666667,23
1,1,55,3,93,2,4,129.116666666667,42
1,1,56,1,50,0,0,0,0
1,1,56,2,48.5714285714286,0,0,0,0
1,1,56,3,56.5,0,0,0,0
1,1,57,1,70,0,0,0,0
1,1,57,2,62.8571428571429,0,0,0,0
1,1,57,3,72,3,6,249.1,21
1,1,58,1,57.5,0,0,0,0
1,1,58,2,54.2857142857143,0,0,0,0
1,1,58,3,72,0,0,0,0
1,1,59,1,77.5,0,0,0,0
1,1,59,2,68.5714285714286,0,0,0,0
1,1,59,3,79,3,3,109.283333333333,0
1,1,60,1,70,0,0,0,0
1,1,60,2,65.7142857142857,0,0,0,0
1,1,60,3,65,1,2,36.65,3
1,1,61,1,52.5,0,0,0,0
1,1,61,2,51.4285714285714,1,1,33.917,4
1,1,61,3,52.5,4,8,317.316666666667,8
1,1,62,1,82.5,4,8,290.583333333333,1
1,1,62,2,82.8571428571429,3,7,339.933333333333,7
1,1,62,3,88,4,5,348.35,4
1,1,63,1,52.5,0,0,0,0
1,1,63,2,45.7142857142857,0,0,0,0
1,1,63,3,58.5,0,0,0,0
1,1,64,1,57.5,0,0,0,0
1,1,64,2,40,0,0,0,0
1,1,64,3,42.5,0,0,0,0
1,1,65,1,72.5,0,0,0,0
1,1,65,2,57.1428571428571,0,0,0,0
1,1,65,3,60.5,2,3,122.333333333333,1
1,1,66,1,42.5,0,0,0,0
1,1,66,2,42.8571428571429,0,0,0,0
1,1,66,3,56,0,0,0,0
1,1,67,1,75,1,2,89.1666666666667,0
1,1,67,2,82.8571428571429,3,5,127.65,4
1,1,67,3,81,4,14,542.216666666667,9
1,1,68,1,55,0,0,0,0
1,1,68,2,51.4285714285714,0,0,0,0
1,1,68,3,52.5,0,0,0,0
1,1,69,1,52.5,0,0,0,0
1,1,69,2,62.8571428571429,0,0,0,0
1,1,69,3,69,0,0,0,0
1,1,70,1,62.5,0,0,0,0
1,1,70,2,51.4285714285714,0,0,0,0
1,1,70,3,55,0,0,0,0
1,1,71,1,60,3,4,72.7333333333334,1
1,1,71,2,37.1428571428572,1,3,24.5333333333333,3
1,1,71,3,47,0,0,0,0
1,1,72,1,70,0,0,0,0
1,1,72,2,65.7142857142857,4,7,111.316666666667,4
1,1,72,3,87,4,8,600.233333333333,40
1,1,73,1,90,0,0,0,0
1,1,73,2,91.4285714285714,0,0,0,0
1,1,73,3,90,0,0,0,0
1,1,74,1,90,1,1,5.06666666666667,5
1,1,74,2,91.4285714285714,0,0,0,0
1,1,74,3,99,3,4,258.716666666667,7
1,1,75,1,62.5,0,0,0,0
1,1,75,2,68.5714285714286,1,1,34.2833333333333,0
1,1,75,3,76,3,5,123.316666666667,6
1,1,76,1,92.5,1,1,101.266666666667,1
1,1,76,2,74.2857142857143,0,0,0,0
1,1,76,3,80,0,0,0,0
1,1,77,1,47.5,0,0,0,0
1,1,77,2,40,0,0,0,0
1,1,77,3,70.5,0,0,0,0
2,3,78,1,70,4,9,480,8
2,3,78,2,68,2,2,176,0
2,3,78,3,61,4,8,326,5
2,3,79,1,64.1666666666667,0,0,0,0
2,3,79,2,78,0,0,0,0
2,3,79,3,71.5,4,6,403,15
2,3,80,1,71.6666666666667,4,21,696,209
2,3,80,2,80,0,0,0,0
2,3,80,3,71,4,8,331,2
2,3,81,2,70,0,0,0,0
2,3,81,3,64.5,0,0,0,0
2,3,82,1,57.5,2,3,54,1
2,3,82,2,50,0,0,0,0
2,3,82,3,56,1,2,23,0
2,3,83,2,76,1,1,35,1
2,3,83,3,70,0,0,0,0
2,3,84,1,50,0,0,0,0
2,3,84,2,62,2,2,64,1
2,3,84,3,73.5,4,6,394,7
2,3,85,1,44.1666666666667,0,0,0,0
2,3,85,2,78,0,0,0,0
2,3,85,3,44.5,0,0,0,0
2,3,86,1,53.3333333333333,1,1,6,24
2,3,86,2,80,2,2,199,0
2,3,86,3,79,0,0,0,0
2,3,87,1,40.8333333333333,0,0,0,0
2,3,87,2,66,0,0,0,0
2,3,87,3,71,0,0,0,0
2,3,88,1,33.3333333333333,0,0,0,0
2,3,88,2,50,0,0,0,0
2,3,88,3,70,0,0,0,0
2,3,89,1,50,0,0,0,0
2,3,89,2,54,0,0,0,0
2,3,89,3,58,0,0,0,0
2,3,90,1,50,0,0,0,0
2,3,90,2,88,2,3,120,0
2,3,90,3,78,2,3,196,0
2,3,91,1,54.1666666666667,2,5,53,12
2,3,91,2,68,2,6,141,9
2,3,91,3,67,3,7,261,4
2,3,92,1,66.6666666666667,4,11,182,22
2,3,92,2,68,1,1,24,1
2,3,92,3,71,3,6,65,21
2,3,93,1,48.3333333333333,1,1,28,1
2,3,93,2,56,0,0,0,0
2,3,93,3,47,0,0,0,0
2,3,94,1,39.1666666666667,3,3,134,0
2,3,94,2,58,0,0,0,0
2,3,94,3,70.5,0,0,0,0
2,3,95,1,31.6666666666667,0,0,0,0
2,3,95,2,72,0,0,0,0
2,3,95,3,67.5,0,0,0,0
2,3,96,1,81.6666666666667,2,9,181,9
2,3,96,2,94,1,1,2,0
2,3,96,3,84,1,1,89,0
2,3,97,1,91.6666666666667,4,14,407,45
2,3,97,2,82,2,2,186,0
2,3,97,3,74.5,4,8,479,22
2,3,98,1,65,0,0,0,0
2,3,98,2,82,0,0,0,0
2,3,98,3,78,0,0,0,0
2,3,99,1,39.1666666666667,0,0,0,0
2,3,99,2,58,2,2,99,4
2,3,99,3,48.5,0,0,0,0
2,3,100,1,40.8333333333333,0,0,0,0
2,3,100,2,64,0,0,0,0
2,3,100,3,61.5,0,0,0,0
2,3,101,1,45.8333333333333,1,4,79,7
2,3,101,2,60,1,2,5,1
2,3,101,3,60,3,5,287,2
2,3,102,1,38.3333333333333,4,7,217,16
2,3,102,2,76,0,0,0,0
2,3,102,3,70,0,0,0,0
2,3,103,2,92,0,0,0,0
2,3,103,3,66,2,3,203,5
2,3,104,1,51.6666666666667,4,11,390,62
2,3,104,2,58,2,2,153,0
2,3,104,3,62.5,3,3,175,0
2,3,105,1,38.3333333333333,3,5,198,0
2,3,105,2,76,0,0,0,0
2,3,105,3,65,0,0,0,0
2,3,106,1,48.3333333333333,4,4,149,1
2,3,106,2,76,0,0,0,0
2,3,106,3,67,0,0,0,0
2,3,107,1,55.8333333333333,4,12,311,59
2,3,107,2,72,1,2,104,3
2,3,107,3,63,0,0,0,0
2,3,108,1,60.8333333333333,3,6,221,62
2,3,108,2,52,2,3,173,6
2,3,108,3,68,1,3,90,3
2,3,109,1,86.6666666666667,4,16,371,99
2,3,109,2,92,2,7,131,6
2,3,109,3,91,4,13,393,31
2,3,110,1,75.8333333333333,4,5,385,8
2,3,110,2,88,2,2,192,4
2,3,110,3,77,0,0,0,0
2,3,111,1,93.3333333333333,4,7,357,14
2,3,111,2,86,2,3,33,3
2,3,111,3,88,4,10,431,14
2,3,112,1,86.6666666666667,4,5,359,2
2,3,112,2,82,0,0,0,0
2,3,112,3,81,0,0,0,0
2,3,113,1,59.1666666666667,4,9,209,10
2,3,113,2,84,2,5,108,0
2,3,113,3,72,4,4,155,0
2,3,114,1,75.8333333333333,4,38,1175,348
2,3,114,2,84,2,8,261,21
2,3,114,3,89,4,12,561,294
2,3,115,1,42.5,4,8,253,4
2,3,115,2,62,2,3,186,0
2,3,115,3,78.5,3,5,136,0
2,3,116,1,28.3333333333333,0,0,0,0
2,3,116,2,70,0,0,0,0
2,3,116,3,69.5,0,0,0,0
2,3,117,1,45,0,0,0,0
2,3,117,2,82,2,3,73,0
2,3,117,3,79,3,3,91,0
2,3,118,1,40,1,1,73,28
2,3,118,3,62.5,0,0,0,0
2,3,119,1,72.5,2,2,150,2
2,3,119,2,70,0,0,0,0
2,3,119,3,67.5,0,0,0,0
2,3,120,1,35,0,0,0,0
2,3,120,2,60,0,0,0,0
2,3,120,3,60,0,0,0,0
2,3,121,1,51.6666666666667,1,1,37,0
2,3,121,2,58,1,1,94,0
2,3,121,3,71.5,4,7,270,2
2,3,122,1,48.3333333333333,1,1,52,1
2,3,122,2,68,2,4,181,1
2,3,122,3,57,4,12,373,48
2,3,123,1,35.8333333333333,2,2,82,6
2,3,123,2,74,0,0,0,0
2,3,123,3,71,0,0,0,0
2,3,124,1,65.8333333333333,4,8,370,4
2,3,124,2,88,0,0,0,0
2,3,124,3,75,3,3,302,0
2,3,125,1,54.1666666666667,4,6,375,12
2,3,125,2,86,0,0,0,0
2,3,125,3,81.5,0,0,0,0
2,3,126,1,26.6666666666667,2,2,110,5
2,3,126,2,72,0,0,0,0
2,3,126,3,73.5,1,1,35,0
2,3,127,1,46.6666666666667,2,2,201,0
2,3,127,2,76,0,0,0,0
2,3,127,3,69.5,0,0,0,0
2,3,128,1,55,1,4,78,4
2,3,128,2,78,0,0,0,0
2,3,128,3,72,0,0,0,0
2,3,129,1,57.5,4,6,191,14
2,3,129,2,68,1,1,98,2
2,3,129,3,61.5,4,6,502,29
2,3,130,1,75,0,0,0,0
2,3,130,2,72,0,0,0,0
2,3,130,3,72,1,1,103,19
2,3,131,1,38.3333333333333,0,0,0,0
2,3,131,2,76,0,0,0,0
2,3,131,3,71,0,0,0,0
2,3,132,1,61.6666666666667,4,5,377,12
2,3,132,2,72,2,2,165,4
2,3,132,3,72,3,3,249,5
2,3,133,1,30,0,0,0,0
2,3,133,2,72,0,0,0,0
2,3,133,3,67.5,0,0,0,0
2,3,134,1,51.6666666666667,0,0,0,0
2,3,134,2,72,0,0,0,0
2,3,134,3,72.5,0,0,0,0
2,3,135,1,78.3333333333333,4,5,372,6
2,3,135,2,78,2,3,192,4
2,3,135,3,91,4,6,394,17
2,3,136,1,75.8333333333333,0,0,0,0
2,3,136,2,90,0,0,0,0
2,3,136,3,93,0,0,0,0
2,3,137,1,35,1,2,40,3
2,3,137,2,64,0,0,0,0
2,3,137,3,69,0,0,0,0
2,3,138,1,41.6666666666667,0,0,0,0
2,3,138,2,76,0,0,0,0
2,3,138,3,72,0,0,0,0
2,3,139,1,31.6666666666667,4,5,278,31
2,3,139,2,72,1,1,6,32
2,3,139,3,66,0,0,0,0
2,3,140,1,50,0,0,0,0
2,3,140,2,70,1,1,95,2
2,3,140,3,66,0,0,0,0
2,3,141,1,82.5,0,0,0,0
2,3,141,2,90,0,0,0,0
2,3,141,3,78,4,5,400,16
2,3,142,1,49.1666666666667,4,8,307,14
2,3,142,2,78,0,0,0,0
2,3,142,3,70,0,0,0,0
2,3,143,1,51.6666666666667,4,6,395,24
2,3,143,2,88,2,2,99,7
2,3,143,3,75.5,4,6,481,11
2,3,144,1,67.5,0,0,0,0
2,3,144,2,94,2,2,172,0
2,3,144,3,78,0,0,0,0
2,3,145,1,62.5,1,7,313,2
2,3,145,2,80,0,0,0,0
2,3,145,3,72,0,0,0,0
2,3,146,1,44.1666666666667,4,10,267,14
2,3,146,2,80,1,5,74,2
2,3,146,3,74.5,0,0,0,0
2,3,147,1,53.3333333333333,0,0,0,0
2,3,147,2,88,0,0,0,0
2,3,147,3,68.5,0,0,0,0
2,3,148,1,66.6666666666667,0,0,0,0
2,3,148,2,60,0,0,0,0
2,3,148,3,70,4,7,384,9
2,3,149,1,45,1,1,58,0
2,3,149,2,66,0,0,0,0
2,3,149,3,67.5,4,7,341,6
2,3,150,1,65,0,0,0,0
2,3,150,2,70,0,0,0,0
2,3,150,3,71.5,0,0,0,0
2,3,151,1,70,0,0,0,0
2,3,151,2,86,0,0,0,0
2,3,151,3,79.5,0,0,0,0
2,3,152,1,49.1666666666667,2,2,172,0
2,3,152,2,50,0,0,0,0
2,3,152,3,64.5,0,0,0,0
2,3,153,1,64.1666666666667,0,0,0,0
2,3,153,2,78,0,0,0,0
2,3,153,3,73.5,4,6,369,7
2,3,154,1,49.1666666666667,1,1,17,1
2,3,154,2,78,0,0,0,0
2,3,154,3,61.5,1,1,34,0
2,3,155,1,83.3333333333333,2,2,23,6
2,3,155,2,86,0,0,0,0
2,3,155,3,84.5,1,1,0,0
2,3,156,1,52.5,1,1,31,1
2,3,156,2,82,0,0,0,0
2,3,156,3,68,2,6,208,4
2,3,157,1,55.8333333333333,4,10,235,57
2,3,157,2,76,1,6,93,4
2,3,157,3,70.5,3,9,311,37
2,3,158,1,60.8333333333333,4,5,335,2
2,3,158,2,72,2,3,196,0
2,3,158,3,76.5,4,13,411,13
2,3,159,1,37.5,0,0,0,0
2,3,159,2,64,0,0,0,0
2,3,159,3,64,0,0,0,0
2,3,160,1,50,3,3,214,2
2,3,160,2,78,1,1,63,1
2,3,160,3,65,0,0,0,0
2,3,161,1,48.3333333333333,0,0,0,0
2,3,161,2,78,0,0,0,0
2,3,161,3,77,1,1,545,0
2,3,162,1,76.6666666666667,0,0,0,0
2,3,162,2,84,2,2,196,2
2,3,162,3,87,4,4,395,0
2,3,163,1,65.8333333333333,4,4,389,6
2,3,163,2,84,2,2,51,2
2,3,163,3,75,2,2,105,52
2,3,164,1,63.3333333333333,0,0,0,0
2,3,164,2,84,0,0,0,0
2,3,164,3,84,1,1,87,2
2,3,165,1,60,0,0,0,0
2,3,165,2,66,0,0,0,0
2,3,165,3,71.5,2,2,186,2
2,3,166,1,46.6666666666667,2,3,100,25
2,3,166,2,70,0,0,0,0
2,3,166,3,71.5,0,0,0,0
2,3,167,1,68.3333333333333,4,7,376,14
2,3,167,2,78,1,1,92,1
2,3,167,3,75,4,7,387,21
2,3,168,1,58.3333333333333,3,5,281,19
2,3,168,2,86,0,0,0,0
2,3,168,3,78,4,7,394,2
2,3,169,1,27.5,4,10,316,45
2,3,169,2,78,1,3,70,8
2,3,169,3,73,1,3,97,4
2,3,170,1,51.6666666666667,4,13,312,27
2,3,170,2,60,2,5,101,8
2,3,170,3,64,0,0,0,0
2,3,171,1,59.1666666666667,4,6,67,15
2,3,171,2,68,0,0,0,0
2,3,171,3,64.5,3,11,102,109
2,3,172,1,70,0,0,0,0
2,3,172,2,78,2,2,36,2
2,3,172,3,72.5,0,0,0,0
2,3,173,1,53.3333333333333,1,1,14,1
2,3,173,2,76,0,0,0,0
2,3,173,3,68,2,3,103,4
2,3,174,1,54.1666666666667,0,0,0,0
2,3,174,2,72,1,1,80,0
2,3,174,3,61.5,1,1,83,1
2,3,175,1,55,4,10,316,9
2,3,175,2,88,0,0,0,0
2,3,175,3,64,3,4,155,6
2,3,176,1,45.8333333333333,2,2,88,2
2,3,176,2,80,0,0,0,0
2,3,176,3,71.5,0,0,0,0
2,3,177,1,40,2,2,44,2
2,3,177,2,60,1,1,102,1
2,3,177,3,70,4,10,406,41
2,3,178,1,49.1666666666667,3,4,82,0
2,3,178,2,64,0,0,0,0
2,3,178,3,64,1,2,70,3
2,3,179,1,88.3333333333333,1,1,5,27
2,3,179,2,90,2,3,109,0
2,3,179,3,84,4,8,290,6
2,3,180,1,55,1,1,16,1
2,3,180,2,80,0,0,0,0
2,3,180,3,73,0,0,0,0
2,3,181,1,35,0,0,0,0
2,3,181,2,84,0,0,0,0
2,3,182,1,48.3333333333333,0,0,0,0
2,3,182,2,80,0,0,0,0
2,3,182,3,66.5,4,6,424,3
2,3,183,1,40.8333333333333,0,0,0,0
2,3,183,2,80,0,0,0,0
2,3,183,3,66,0,0,0,0
2,3,184,1,46.6666666666667,4,7,261,8
2,3,184,2,82,0,0,0,0
2,3,184,3,67,2,4,77,9
2,3,185,1,81.6666666666667,4,6,241,14
2,3,185,2,88,1,1,10,0
2,3,185,3,79.5,4,7,344,5
2,3,186,1,52.5,4,8,344,47
2,3,186,2,78,0,0,0,0
2,3,186,3,68.5,0,0,0,0
2,3,187,1,79.1666666666667,0,0,0,0
2,3,187,2,76,2,3,192,0
2,3,187,3,71,4,4,392,0
2,3,188,2,48,0,0,0,0
2,3,188,3,56.5,0,0,0,0
2,3,189,1,50,1,1,19,5
2,3,189,2,78,0,0,0,0
2,3,189,3,69.5,1,1,35,5
2,3,190,1,36.6666666666667,0,0,0,0
2,3,190,2,62,0,0,0,0
2,3,190,3,56.5,0,0,0,0
2,3,191,1,1.66666666666667,0,0,0,0
2,3,191,2,72,0,0,0,0
2,3,191,3,71.5,1,1,58,0
2,3,192,1,75,4,4,379,1
2,3,192,2,84,2,2,8,0
2,3,192,3,71,3,4,307,0
2,3,193,1,38.3333333333333,2,2,38,12
2,3,193,2,82,0,0,0,0
2,3,193,3,76.5,1,1,97,0
2,3,194,1,71.6666666666667,0,0,0,0
2,3,194,2,78,0,0,0,0
2,3,194,3,84,4,7,497,37
2,3,195,1,43.3333333333333,0,0,0,0
2,3,195,2,80,0,0,0,0
2,3,195,3,63.5,0,0,0,0
2,3,196,1,52.5,1,1,22,0
2,3,196,2,82,1,2,28,4
2,3,196,3,78,0,0,0,0
2,3,197,1,68.3333333333333,1,2,103,1
2,3,197,2,80,0,0,0,0
2,3,197,3,75,2,2,221,0
2,3,198,1,64.1666666666667,4,8,218,17
2,3,198,2,72,1,1,5,0
2,3,198,3,82.5,4,5,76,12
2,3,199,1,44.1666666666667,3,7,156,15
2,3,199,2,82,1,1,1,1
2,3,199,3,75.5,0,0,0,0
2,3,200,1,62.5,0,0,0,0
2,3,200,2,54,2,3,159,0
2,3,200,3,59,4,12,321,11
2,3,201,1,75,4,8,464,39
2,3,201,2,76,2,2,98,2
2,3,201,3,85,4,10,594,68
2,3,202,1,35.8333333333333,0,0,0,0
2,3,202,2,78,0,0,0,0
2,3,202,3,80,0,0,0,0
2,3,203,1,75.8333333333333,0,0,0,0
2,3,203,2,76,0,0,0,0
2,3,203,3,66,0,0,0,0
2,3,204,1,41.6666666666667,3,8,227,4
2,3,204,2,76,2,2,97,0
2,3,204,3,75,1,1,35,1
2,3,205,1,55.8333333333333,4,7,438,27
2,3,205,2,70,0,0,0,0
2,3,205,3,75.5,0,0,0,0
2,3,206,1,70.8333333333333,4,10,319,3
2,3,206,2,80,2,6,199,2
2,3,206,3,88,4,7,394,0
2,3,207,1,58.3333333333333,4,7,188,8
2,3,207,2,64,2,4,181,6
2,3,207,3,66.5,4,12,385,16
2,3,208,1,70,0,0,0,0
2,3,208,2,78,0,0,0,0
2,3,208,3,66.5,0,0,0,0
2,3,209,1,42.5,2,3,194,14
2,3,209,2,74,0,0,0,0
2,3,209,3,70,0,0,0,0
3,3,210,1,52.2727272727273,2,6,115,10
3,3,210,2,59.5833333333333,2,7,154,22
3,3,210,3,64.5,3,6,212,16
3,3,211,1,58.3333333333333,3,8,137,5
3,3,211,2,42.5,2,5,80,5
3,3,211,3,72.5,3,6,240,10
3,3,212,1,40.9090909090909,0,0,0,0
3,3,212,2,34.5833333333333,0,0,0,0
3,3,212,3,73.5,0,0,0,0
3,3,213,1,53.030303030303,0,0,0,0
3,3,213,2,38.75,0,0,0,0
3,3,213,3,62.5,0,0,0,0
3,3,214,1,64.3939393939394,0,0,0,0
3,3,214,2,61.25,0,0,0,0
3,3,214,3,82.5,0,0,0,0
3,3,215,1,32.5757575757576,0,0,0,0
3,3,215,2,30.8333333333333,2,2,24,1
3,3,215,3,69.25,0,0,0,0
3,3,216,1,46.2121212121212,2,4,133,23
3,3,216,2,51.25,0,0,0,0
3,3,216,3,71.75,0,0,0,0
3,3,217,1,60.6060606060606,3,8,277,9
3,3,217,2,63.75,3,13,241,56
3,3,217,3,81,0,0,0,0
3,3,218,1,28.030303030303,0,0,0,0
3,3,218,3,56,0,0,0,0
3,3,219,1,71.2121212121212,2,2,10,0
3,3,219,2,73.3333333333333,3,4,260,1
3,3,219,3,75.25,4,8,341,7
3,3,220,1,53.030303030303,0,0,0,0
3,3,220,2,52.0833333333333,0,0,0,0
3,3,220,3,77,0,0,0,0
3,3,94,1,37.1212121212121,3,3,225,5
3,3,94,2,40,3,3,126,0
3,3,94,3,78.5,0,0,0,0
3,3,221,1,80.3030303030303,3,4,261,4
3,3,221,2,78.3333333333333,3,8,298,12
3,3,221,3,89.25,4,6,379,15
3,3,222,2,31.6666666666667,0,0,0,0
3,3,222,3,70,0,0,0,0
3,3,223,1,69.6969696969697,3,9,356,24
3,3,223,2,58.3333333333333,1,1,100,0
3,3,223,3,83,2,3,137,1
3,3,98,1,47.7272727272727,0,0,0,0
3,3,98,2,25,0,0,0,0
3,3,99,1,50,3,3,299,6
3,3,99,2,39.1666666666667,3,6,382,62
3,3,99,3,56.5,3,3,248,3
3,3,224,1,63.6363636363636,0,0,0,0
3,3,224,2,55,3,9,271,17
3,3,224,3,75,4,11,295,30
3,3,225,1,85.6060606060606,3,10,235,78
3,3,225,2,73.3333333333333,4,6,289,27
3,3,225,3,81.25,2,6,190,5
3,3,226,1,40.1515151515152,1,2,5,0
3,3,226,2,38.3333333333333,3,3,205,0
3,3,226,3,62,0,0,0,0
3,3,227,1,81.0606060606061,3,10,328,120
3,3,227,2,75.4166666666667,3,13,270,255
3,3,227,3,96,4,9,396,115
3,3,102,1,43.9393939393939,3,11,293,59
3,3,102,2,55.4166666666667,3,11,337,57
3,3,228,1,59.8484848484849,3,11,253,38
3,3,228,2,74.1666666666667,3,15,259,28
3,3,228,3,83,4,12,377,146
3,3,229,1,51.5151515151515,0,0,0,0
3,3,229,2,44.5833333333333,3,6,432,5
3,3,229,3,70.25,2,2,179,1
3,3,230,1,62.8787878787879,3,3,206,4
3,3,230,2,50.4166666666667,3,4,283,5
3,3,230,3,76.75,0,0,0,0
3,3,231,1,72.7272727272727,0,0,0,0
3,3,231,2,58.75,0,0,0,0
3,3,231,3,74.5,0,0,0,0
3,3,232,1,60.6060606060606,0,0,0,0
3,3,232,2,50.4166666666667,0,0,0,0
3,3,232,3,68.5,2,3,57,4
3,3,233,1,71.2121212121212,3,7,271,13
3,3,233,2,68.75,3,6,305,10
3,3,233,3,76.5,4,4,373,4
3,3,234,1,59.0909090909091,3,3,306,19
3,3,234,2,50.4166666666667,3,3,272,3
3,3,234,3,73,4,4,377,0
3,3,235,1,46.969696969697,1,1,32,5
3,3,235,2,53.3333333333333,0,0,0,0
3,3,235,3,70.5,0,0,0,0
3,3,236,1,48.4848484848485,1,1,68,1
3,3,236,2,42.0833333333333,3,4,206,12
3,3,236,3,74,0,0,0,0
3,3,237,1,43.9393939393939,0,0,0,0
3,3,237,2,50.4166666666667,1,4,29,16
3,3,237,3,61,1,1,3,0
3,3,238,1,43.9393939393939,0,0,0,0
3,3,238,2,69,0,0,0,0
3,3,238,3,69,0,0,0,0
3,3,239,1,46.2121212121212,1,1,93,0
3,3,239,2,46.25,3,5,278,3
3,3,239,3,46,0,0,0,0
3,3,240,1,56.8181818181818,2,3,184,22
3,3,240,2,45,3,4,170,10
3,3,240,3,71.5,0,0,0,0
3,3,112,1,79.5454545454546,3,4,282,2
3,3,112,2,73.3333333333333,1,2,95,2
3,3,112,3,74,0,0,0,0
3,3,241,1,74.2424242424243,3,4,294,8
3,3,241,2,73.3333333333333,3,3,310,5
3,3,241,3,68.5,4,4,375,4
3,3,117,1,37.1212121212121,3,4,72,1
3,3,117,2,66.25,3,7,280,3
3,3,118,1,46.2121212121212,3,4,105,1
3,3,118,2,39.1666666666667,1,1,56,1
3,3,118,3,72.5,0,0,0,0
3,3,119,1,40.1515151515152,3,4,301,0
3,3,119,2,44.1666666666667,3,4,319,2
3,3,119,3,70,0,0,0,0
3,3,123,1,39.3939393939394,3,5,274,21
3,3,123,2,44.1666666666667,3,5,169,22
3,3,123,3,68,0,0,0,0
3,3,242,1,44.6969696969697,1,1,15,20
3,3,242,2,51.25,1,4,65,16
3,3,242,3,68,0,0,0,0
3,3,243,1,72.7272727272727,2,4,29,54
3,3,243,2,80.8333333333333,1,4,57,14
3,3,243,3,83.25,1,1,2,7
3,3,244,1,71.2121212121212,2,5,138,4
3,3,244,2,76.6666666666667,3,10,528,54
3,3,244,3,76.75,4,6,356,2
3,3,126,1,43.9393939393939,1,1,59,0
3,3,126,2,36.25,2,2,43,0
3,3,126,3,74.75,0,0,0,0
3,3,245,1,42.4242424242424,0,0,0,0
3,3,245,2,31.6666666666667,1,1,41,0
3,3,245,3,76.25,0,0,0,0
3,3,246,1,47.7272727272727,2,2,188,11
3,3,246,2,53.75,2,4,203,4
3,3,246,3,71,0,0,0,0
3,3,247,1,62.8787878787879,3,5,277,4
3,3,247,2,50.8333333333333,3,4,290,2
3,3,247,3,73,4,5,486,31
3,3,248,1,79.5454545454546,2,4,59,5
3,3,248,2,68.3333333333333,3,4,203,73
3,3,248,3,87,3,4,97,27
3,3,134,1,59.0909090909091,0,0,0,0
3,3,134,2,57.0833333333333,1,1,35,0
3,3,134,3,82.5,0,0,0,0
3,3,135,1,95.4545454545455,3,6,291,13
3,3,135,2,83.3333333333333,2,4,179,4
3,3,135,3,95.5,4,6,370,9
3,3,249,1,58.3333333333333,3,8,292,23
3,3,249,2,75.8333333333333,3,14,640,147
3,3,249,3,81.5,4,22,750,306
3,3,250,1,77.2727272727273,2,5,148,23
3,3,250,2,88.3333333333333,3,14,303,54
3,3,250,3,87.5,4,12,358,63
3,3,251,1,42.4242424242424,0,0,0,0
3,3,251,2,35.8333333333333,0,0,0,0
3,3,251,3,61.75,0,0,0,0
3,3,136,1,84.8484848484848,0,0,0,0
3,3,136,2,82.5,0,0,0,0
3,3,136,3,93,0,0,0,0
3,3,252,1,69.6969696969697,0,0,0,0
3,3,252,2,55.4166666666667,0,0,0,0
3,3,252,3,73.25,0,0,0,0
3,3,253,1,59.8484848484849,4,6,322,4
3,3,253,2,46.25,2,3,13,10
3,3,253,3,64,1,1,37,1
3,3,254,1,56.8181818181818,3,7,274,8
3,3,254,2,56.25,3,13,438,83
3,3,254,3,51.5,4,9,374,15
3,3,143,1,59.0909090909091,3,5,228,3
3,3,143,2,52.9166666666667,3,4,311,20
3,3,143,3,84.5,4,4,395,11
3,3,144,1,76.5151515151515,0,0,0,0
3,3,144,2,80,1,1,103,24
3,3,144,3,80,0,0,0,0
3,3,255,1,84.0909090909091,3,9,190,25
3,3,255,2,75.4166666666667,3,11,293,98
3,3,255,3,83.5,4,7,376,16
3,3,256,1,71.2121212121212,0,0,0,0
3,3,256,2,65,2,6,297,28
3,3,256,3,72.5,1,1,24,29
3,3,146,1,48.4848484848485,3,4,143,20
3,3,146,2,55.4166666666667,2,4,194,2
3,3,146,3,77.5,1,2,89,0
3,3,257,1,65.9090909090909,0,0,0,0
3,3,257,2,68.3333333333333,2,4,205,3
3,3,257,3,87.5,2,4,169,0
3,3,151,1,67.4242424242424,0,0,0,0
3,3,151,2,74.5833333333333,0,0,0,0
3,3,151,3,82.25,0,0,0,0
3,3,258,1,53.7878787878788,0,0,0,0
3,3,258,2,51.25,0,0,0,0
3,3,258,3,25,0,0,0,0
3,3,259,1,65.1515151515152,3,4,85,5
3,3,259,2,80,3,7,300,8
3,3,259,3,96.5,4,5,325,4
3,3,260,1,50,2,2,53,1
3,3,260,2,60,3,8,150,9
3,3,260,3,75.25,0,0,0,0
3,3,261,1,44.6969696969697,1,1,95,4
3,3,261,2,37.9166666666667,1,1,4,3
3,3,261,3,66.5,0,0,0,0
3,3,262,1,51.5151515151515,2,4,195,1
3,3,262,2,24.1666666666667,3,8,320,9
3,3,262,3,67.75,3,4,269,4
3,3,263,1,52.2727272727273,3,3,205,0
3,3,263,2,42.9166666666667,0,0,0,0
3,3,263,3,67,0,0,0,0
3,3,264,1,43.9393939393939,3,10,292,17
3,3,264,2,63.75,3,7,314,13
3,3,264,3,75,2,4,191,3
3,3,265,1,55.3030303030303,2,2,176,3
3,3,265,2,43.3333333333333,0,0,0,0
3,3,265,3,58.25,2,2,9,2
3,3,266,1,44.6969696969697,0,0,0,0
3,3,266,2,46.25,3,6,264,9
3,3,266,3,59.5,0,0,0,0
3,3,267,1,47.7272727272727,3,4,308,2
3,3,267,2,36.6666666666667,1,1,113,1
3,3,267,3,70,0,0,0,0
3,3,268,1,65.1515151515152,3,8,332,3
3,3,268,2,61.6666666666667,3,9,350,56
3,3,268,3,62,3,4,291,16
3,3,269,1,59.0909090909091,1,1,34,0
3,3,269,2,37.0833333333333,1,2,29,3
3,3,269,3,75.5,1,1,83,0
3,3,270,1,75.7575757575758,0,0,0,0
3,3,270,2,52.9166666666667,0,0,0,0
3,3,270,3,75.5,0,0,0,0
3,3,168,1,63.6363636363636,2,2,204,0
3,3,168,2,62.9166666666667,1,2,107,20
3,3,168,3,78.5,2,6,127,106
3,3,271,1,79.5454545454546,3,4,294,3
3,3,271,2,82.5,3,7,294,16
3,3,271,3,84,4,6,372,15
3,3,272,1,37.1212121212121,0,0,0,0
3,3,272,2,27.9166666666667,0,0,0,0
3,3,272,3,65.5,0,0,0,0
3,3,273,1,67.4242424242424,2,3,201,0
3,3,273,2,66.25,1,2,104,2
3,3,273,3,81.25,4,5,383,5
3,3,172,1,35.6060606060606,1,1,59,0
3,3,172,2,35,1,1,58,0
3,3,172,3,62,0,0,0,0
3,3,274,1,46.969696969697,0,0,0,0
3,3,274,2,35.4166666666667,1,3,144,3
3,3,274,3,61,2,7,136,63
3,3,275,1,45.4545454545455,1,1,5,1
3,3,275,2,35.8333333333333,3,6,278,19
3,3,275,3,72,0,0,0,0
3,3,276,1,86.3636363636364,1,2,60,2
3,3,276,2,75,3,3,267,2
3,3,276,3,88.25,3,4,107,50
3,3,277,1,55.3030303030303,0,0,0,0
3,3,277,2,41.25,0,0,0,0
3,3,277,3,77,0,0,0,0
3,3,278,1,43.9393939393939,3,5,147,6
3,3,278,2,48.3333333333333,3,4,189,4
3,3,278,3,77,0,0,0,0
3,3,279,1,86.3636363636364,3,13,415,12
3,3,279,2,85.8333333333333,3,3,144,0
3,3,279,3,83,3,6,213,13
3,3,280,1,66.6666666666667,3,6,275,9
3,3,280,2,47.9166666666667,3,5,300,6
3,3,280,3,77,2,2,201,2
3,3,281,1,86.3636363636364,3,5,300,7
3,3,281,2,70,3,6,302,7
3,3,281,3,90.5,0,0,0,0
3,3,179,1,88.6363636363636,0,0,0,0
3,3,179,2,75.8333333333333,1,1,18,0
3,3,179,3,87,4,8,260,13
3,3,282,1,41.6666666666667,0,0,0,0
3,3,282,2,41.6666666666667,0,0,0,0
3,3,282,3,63.5,0,0,0,0
3,3,283,1,36.3636363636364,3,3,66,42
3,3,283,2,48.75,3,6,138,62
3,3,283,3,79,1,1,1,1
3,3,284,1,60.6060606060606,0,0,0,0
3,3,284,2,50,0,0,0,0
3,3,284,3,82.5,0,0,0,0
3,3,285,1,46.2121212121212,3,7,178,6
3,3,285,2,60,3,8,261,23
3,3,285,3,74.25,2,4,176,10
3,3,188,1,48.4848484848485,2,4,147,32
3,3,188,2,45.4166666666667,0,0,0,0
3,3,188,3,58.5,0,0,0,0
3,3,286,1,77.2727272727273,2,4,199,2
3,3,286,2,85,3,5,301,17
3,3,286,3,83.75,4,7,352,13
3,3,192,1,83.3333333333333,3,3,292,2
3,3,192,2,49.5833333333333,1,2,79,1
3,3,192,3,71.5,2,2,120,1
3,3,287,1,55.3030303030303,2,4,209,4
3,3,287,2,55,3,5,229,4
3,3,287,3,64.75,4,10,396,5
3,3,288,1,62.1212121212121,3,5,148,11
3,3,288,2,64.5833333333333,3,11,437,39
3,3,288,3,73.25,2,4,164,10
3,3,193,1,53.7878787878788,3,3,128,0
3,3,193,2,47.0833333333333,2,3,251,0
3,3,193,3,74.5,0,0,0,0
3,3,194,1,68.1818181818182,1,1,70,14
3,3,194,2,64.1666666666667,3,4,299,4
3,3,194,3,86.25,4,5,442,22
3,3,195,1,55.3030303030303,0,0,0,0
3,3,195,2,49.1666666666667,0,0,0,0
3,3,195,3,65.5,0,0,0,0
3,3,196,1,68.1818181818182,0,0,0,0
3,3,196,2,54.5833333333333,3,6,164,0
3,3,196,3,81,0,0,0,0
3,3,289,1,70.4545454545455,3,11,491,25
3,3,289,2,78.75,3,9,213,12
3,3,289,3,92,4,10,167,87
3,3,290,1,45.4545454545455,2,4,179,2
3,3,290,2,44.1666666666667,3,3,111,0
3,3,290,3,71,0,0,0,0
3,3,197,1,65.1515151515152,3,4,182,0
3,3,197,2,62.5,2,5,182,2
3,3,197,3,76.5,4,6,413,12
3,3,199,1,43.1818181818182,3,10,252,8
3,3,199,2,42.5,3,7,187,3
3,3,291,1,70.4545454545455,0,0,0,0
3,3,291,2,77.9166666666667,0,0,0,0
3,3,291,3,75.25,0,0,0,0
3,3,292,1,85.6060606060606,0,0,0,0
3,3,292,2,73.3333333333333,3,11,290,34
3,3,292,3,81.25,4,6,378,3
3,3,293,1,48.4848484848485,0,0,0,0
3,3,293,2,37.5,0,0,0,0
3,3,293,3,76.75,0,0,0,0
3,3,294,1,44.6969696969697,0,0,0,0
3,3,294,2,65.8333333333333,3,4,303,1
3,3,294,3,76,0,0,0,0
3,3,295,1,68.1818181818182,3,4,299,8
3,3,295,2,75.8333333333333,3,6,207,21
3,3,295,3,85.5,4,9,365,21
3,3,201,1,74.2424242424243,3,9,342,14
3,3,201,2,82.0833333333333,3,9,496,77
3,3,201,3,85.75,4,6,375,3
3,3,296,1,55.3030303030303,3,5,414,17
3,3,296,2,62.5,3,8,600,13
3,3,296,3,59.25,3,3,286,3
3,3,202,1,48.4848484848485,0,0,0,0
3,3,202,2,59.1666666666667,0,0,0,0
3,3,202,3,74,0,0,0,0
3,3,205,1,43.1818181818182,3,4,172,4
3,3,205,2,54.1666666666667,3,4,254,2
3,3,205,3,65,0,0,0,0
3,3,297,1,83.3333333333333,3,9,289,23
3,3,297,2,67.0833333333333,3,12,414,50
3,3,297,3,62.5,3,6,270,24
3,3,298,1,55.3030303030303,2,6,168,50
3,3,298,2,55.8333333333333,3,7,374,12
3,3,298,3,81.5,3,4,177,30
3,3,206,1,80.3030303030303,3,4,122,21
3,3,206,2,82.9166666666667,3,5,335,3
3,3,206,3,81.5,4,9,589,10
3,3,299,1,90.1515151515152,3,10,291,29
3,3,299,2,73.3333333333333,3,9,285,147
3,3,299,3,87.25,4,16,369,56
3,3,207,1,50.7575757575758,2,2,12,0
3,3,207,2,65.8333333333333,3,7,293,8
3,3,207,3,80.5,4,8,377,28
