"accession","latitude","longitude","family","genus","country","state","county","locality","date","collector"
9038521,37.87,-122.24,"Telemidae","Usofila","USA","California","Alameda","Berkeley",NA,"LM Smith"
9038522,37.73,-122.07,"Telemidae","Usofila","USA","California","Alameda","Castro Valley",NA,"WM Pearce"
9038523,37.6,-121.95,"Telemidae","Usofila","USA","California","Alameda","Niles, off Niles Cyn. on Palomares Rd.",NA,"V Roth"
9038524,37.8,-122.16,"Telemidae","Usofila","USA","California","Alameda","Oakland",NA,"WG Bentinck"
9038525,37.8,-122.16,"Telemidae","Usofila","USA","California","Alameda","Oakland",NA,"R Schuster"
9038526,37.8,-122.16,"Telemidae","Usofila","USA","California","Alameda","Oakland",NA,"WC Bentinck"
9038527,37.8,-122.16,"Telemidae","Usofila","USA","California","Alameda","Oakland",NA,"J Helfer"
90386281,37.82,-122.2,"Telemidae","Usofila","USA","California","Alameda","Oakland, Mountain Blvd. and Park",NA,"Roth, Schuster"
9038529,37.82,-122.2,"Telemidae","Usofila","USA","California","Alameda","Oakland, Mountain Blvd. and Park",NA,"Roth, Schuster"
90387441,37.86,-122.24,"Telemidae","Usofila","USA","California","Alameda","Berkeley, Claremont Hotel",NA,"PR Craig, DL Dailey"
9038779,37.87,-122.25,"Telemidae","Usofila","USA","California","Alameda","Berkeley, Woolsey Canyon, at end of LeConte St",NA,"TS Briggs, VF Lee, D Ubick"
9038780,37.6,-121.95,"Telemidae","Usofila","USA","California","Alameda","Niles, off Niles Cyn.",NA,"V Roth"
9038530,38.45,-120.64,"Telemidae","Usofila","USA","California","Amador","Connie's Cave, 0.5 mi NW Volcano",NA,"D Ubick"
9038531,38.45,-120.64,"Telemidae","Usofila","USA","California","Amador","Lulu Bell Cave, nr Volcano",NA,"D Ubick"
9038532,38.45,-120.63,"Telemidae","Usofila","USA","California","Amador","Moss Cave, nr. Volcano",NA,"D Ubick"
9038533,38.29,-120.84,"Telemidae","Usofila","USA","California","Amador","Pardee Res., Chrome Cave",NA,"D Ubick"
9038534,38.29,-120.84,"Telemidae","Usofila","USA","California","Amador","Pardee Res., Chrome Cave",NA,"TS Briggs, D Ubick"
9038535,38.45,-120.63,"Telemidae","Usofila","USA","California","Amador","Pearl Cave, 0.2 mi. NE Volcano",NA,"TS Briggs, D Ubick"
9038536,38.44,-120.72,"Telemidae","Usofila","USA","California","Amador","Sutter Creek Cave, WSI #C-61, 3 mi w Volcano",NA,"D Ubick, T Briggs, W Rauscher"
9038537,38.45,-120.64,"Telemidae","Usofila","USA","California","Amador","Connie's Cave, 0.5 mi N Volcano",NA,"Rudolph, Winterath, VanIngen, Dowan"
9038509,39.7,-121.55,"Telemidae","Usofila","USA","California","Butte","Dry Creek Rd, 14 mi N Oroville",NA,"RO Schuster"
9038679,38.09,-120.42,"Telemidae","Usofila","USA","California","Calaveras","Porcupine Cave, 3 mi N of Columbia",NA,"DC Rudolph, S Winterath, B Martin"
9038725,38.07,-120.4,"Telemidae","Usofila","USA","California","Calaveras","Fox Gulch, Lower von Trump Mine",NA,"T Briggs, R Lem"
9038726,38.45,-120.63,"Telemidae","Usofila","USA","California","Calaveras","Buckeye Cave, WSI #C-6, Murphys, twilight zone",NA,"D Ubick"
9038727,38.19,-120.5,"Telemidae","Usofila","USA","California","Calaveras","King Tut Cave",NA,"Dave Cowan"
9038728,38.19,-120.5,"Telemidae","Usofila","USA","California","Calaveras","Cave of the Catacombs, Miller's Cave, Skull Cave, Stanford Grotto #139",NA,"RE Graham"
9038730,38.19,-120.5,"Telemidae","Usofila","USA","California","Calaveras","King Tut Cave",NA,"T Briggs, D Cowan, G Malliet, D Ubick"
9038732,38.04,-120.46,"Telemidae","Usofila","USA","California","Calaveras","Music Hall Cave, WSI #C-2, 4.5 mi ESE Angels Camp",NA,"AG Grubbs, S Winterath, M McEachern, N Boice"
9038733,38.2,-120.5,"Telemidae","Usofila","USA","California","Calaveras","Kenny's Grotto, WSI # C-215",NA,"RE Graham"
9038734,38.16,-120.47,"Telemidae","Usofila","USA","California","Calaveras","Shaw's Cave, Stanford Grotto #36",NA,"R Graham"
9038735,38.05,-120.48,"Telemidae","Usofila","USA","California","Calaveras","Carlow's Bat Cavern, Carlos', 4.5 mi SE Angels Camp",NA,"AG Grubbs, D Broussard, S Winterath"
9038736,38.2,-120.5,"Telemidae","Usofila","USA","California","Calaveras","Cave of Quills",NA,"RE Graham"
9038737,38.16,-120.47,"Telemidae","Usofila","USA","California","Calaveras","Shaw's Cave, Stanford Grotto #36",NA,"RE Graham"
9038738,38.02,-120.48,"Telemidae","Usofila","USA","California","Calaveras","Carlito's Cave, 4.5 mi SE Angels Camp",NA,"AG Grubbs"
9038739,38.04,-120.46,"Telemidae","Usofila","USA","California","Calaveras","Dirty Fissure 4 mi ESE Angels Camp",NA,"AG Grubbs"
9038740,38.16,-120.47,"Telemidae","Usofila","USA","California","Calaveras","Shaw's Cave, Stanford Grotto #36",NA,"M Ivie"
9038741,38.15,-120.48,"Telemidae","Usofila","USA","California","Calaveras","Mercers Cave",NA,"RE Graham"
9038742,38.08,-120.46,"Telemidae","Usofila","USA","California","Calaveras","Eagle View Cave #2, 2/1/2 mi NW Columbia",NA,"DC Rudolph"
9038743,38.16,-120.47,"Telemidae","Usofila","USA","California","Calaveras","Shaw's Cave, Stanford Grotto #36",NA,"RE Graham"
9038744,38.03,-120.46,"Telemidae","Usofila","USA","California","Calaveras","Striped Cave, 4.5 mi SE Angels Camp",NA,"AG Grubbs, O Broussard, S Winterath"
9038745,38.16,-120.47,"Telemidae","Usofila","USA","California","Calaveras","Shaw's Cave, Stanford Grotto #36",NA,"RE Graham"
9038747,38.07,-120.47,"Telemidae","Usofila","USA","California","Calaveras","Moaning Cave, Mays Cave",NA,"R Graham"
9038749,38.2,-120.5,"Telemidae","Usofila","USA","California","Calaveras","Williams Cave",NA,"R Graham"
9038750,38.19,-120.5,"Telemidae","Usofila","USA","California","Calaveras","Cave of the Catacombs, Miller's Cave, Skull Cave, Stanford Grotto #139",NA,"R Graham"
9038751,38.07,-120.41,"Telemidae","Usofila","USA","California","Calaveras","Cave of Skulls, Frenchmen's Cave, Limestone Cave, Stanford Grotto #133, 3 mi N Columbia",NA,"Rudolph, Martin, Winterath, Elliot, Reddell"
9038752,38.2,-120.5,"Telemidae","Usofila","USA","California","Calaveras","Cave of Quills",NA,"R Graham"
9038753,38.03,-120.47,"Telemidae","Usofila","USA","California","Calaveras","Linda's Cave, 4.5 mi SE Angels Camp",NA,"AG Grubbs, D Broussard, N Boice"
9038754,38.16,-120.47,"Telemidae","Usofila","USA","California","Calaveras","Shaw's Cave, Stanford Grotto #36",NA,"R Graham"
9038755,38.04,-120.42,"Telemidae","Usofila","USA","California","Calaveras","Deer Cave, Brown Deer Cave, 7 mi ESE Angels Camp",NA,"AG Grubbs"
9038756,38.05,-120.48,"Telemidae","Usofila","USA","California","Calaveras","Carlow's Cave, Carlos', 4.5 mi SE Angela Camp",NA,"AG Grubbs, N Boice, D Broussard"
9038758,38.16,-120.47,"Telemidae","Usofila","USA","California","Calaveras","Shaw's Cave, Stanford Grotto #36",NA,"R Graham"
9038759,38.07,-120.47,"Telemidae","Usofila","USA","California","Calaveras","Moaning Cave, Mays Cave",NA,"R Graham"
9038760,38.2,-120.5,"Telemidae","Usofila","USA","California","Calaveras","Pseudoscorpion Cave",NA,"R Graham"
9038763,38.16,-120.47,"Telemidae","Usofila","USA","California","Calaveras","Shaw's Cave, Stanford Grotto #36",NA,"M. Ivie"
9038764,38.2,-120.5,"Telemidae","Usofila","USA","California","Calaveras","Cave of Quills",NA,"RE Graham"
9038765,38.2,-120.5,"Telemidae","Usofila","USA","California","Calaveras","Cave of Quills",NA,"RE Graham"
9038766,38.2,-120.5,"Telemidae","Usofila","USA","California","Calaveras","Kenny's Grotto, WSI # C-215",NA,"R Graham"
9038767,38.16,-120.47,"Telemidae","Usofila","USA","California","Calaveras","Shaw's Cave, Stanford Grotto #36",NA,"R Graham"
9038557,37.88,-121.96,"Telemidae","Usofila","USA","California","Contra Costa","Mt. Diablo, N. Gate Rd.",NA,"D Ubick"
9038558,37.88,-121.96,"Telemidae","Usofila","USA","California","Contra Costa","Mt. Diablo, N. Gate Rd.",NA,"D Ubick"
9038559,37.88,-121.96,"Telemidae","Usofila","USA","California","Contra Costa","Mt. Diablo, N. Gate Rd.",NA,"D Ubick"
9038560,37.88,-122.23,"Telemidae","Usofila","USA","California","Contra Costa","Orinda (1 Mi. W.)",NA,"V Roth"
9038561,37.88,-122.23,"Telemidae","Usofila","USA","California","Contra Costa","Orinda Village",NA,"W Ferguson"
9038562,37.8,-122.15,"Telemidae","Usofila","USA","California","Contra Costa","Redwood Park",NA,"R Schuster, EE Gilbert"
9038775,37.92,-122.34,"Telemidae","Usofila","USA","California","Contra Costa","Richmond Univ. Calif Richmond Field Station",NA,NA
9038519,41.26,-124.04,"Telemidae","Usofila","USA","California","Del Norte","18mS Klamath",NA,"Gilbert-Schuster"
9038520,41.26,-124.04,"Telemidae","Usofila","USA","California","Del Norte","18mS Klamath",NA,"Gilbert-Schuster"
9038784,41.8,-124.08,"Telemidae","Usofila","USA","California","Del Norte","Jedediah Smith Redwoods State Park",NA,"LJ Boutin"
9038563,38.89,-120.82,"Telemidae","Usofila","USA","California","El Dorado","3 mi N Placerville",NA,"RO Schuster"
9038564,38.81,-121.08,"Telemidae","Usofila","USA","California","El Dorado","Alabaster Cave",NA,"L Readdy"
9038565,38.81,-121.08,"Telemidae","Usofila","USA","California","El Dorado","Alabaster Cave",NA,"L Readdy"
9038566,38.81,-121.08,"Telemidae","Usofila","USA","California","El Dorado","Alabaster Cave",NA,"Marx"
9038568,38.77,-120.29,"Telemidae","Usofila","USA","California","El Dorado","Kyburg (Kyburz)",NA,"SF Bailey"
9038569,38.58,-120.84,"Telemidae","Usofila","USA","California","El Dorado","Nr. Nashville",NA,"LM Smith, RO Schuster"
9038570,38.58,-120.84,"Telemidae","Usofila","USA","California","El Dorado","Nr. Nashville",NA,"LM Smith, RO Schuster"
9038571,38.77,-120.45,"Telemidae","Usofila","USA","California","El Dorado","Riverton",NA,"RO Schuster"
9038572,38.77,-120.37,"Telemidae","Usofila","USA","California","El Dorado","4 mi W of Kyburz",NA,"WJ Gertsch, V Roth"
9038573,41.26,-124.04,"Telemidae","Usofila","USA","California","Humboldt","18 mi S Klamath",NA,"GA Marsh, RO Schuster"
9038574,41.26,-124.04,"Telemidae","Usofila","USA","California","Humboldt","18 mi S Klamath",NA,"GA Marsh, RO Schuster"
9038575,41.29,-124.06,"Telemidae","Usofila","USA","California","Humboldt","Orick",NA,"W Ivie, WJ Gertsch"
9038576,40.88,-123.72,"Telemidae","Usofila","USA","California","Humboldt","14 mi. E. of Blue Lake",NA,"R Schuster"
9038577,40.54,-124.06,"Telemidae","Usofila","USA","California","Humboldt","Carlotta",NA,"W Ivie, WJ Gertsch"
9038578,40.54,-124.04,"Telemidae","Usofila","USA","California","Humboldt","E of Calrotta",NA,"VD Roth"
9038579,41.16,-124.13,"Telemidae","Usofila","USA","California","Humboldt","Big Lagoon",NA,"GA Marsh, R Schuster"
9038580,41.02,-123.64,"Telemidae","Usofila","USA","California","Humboldt","Hoopa Vlly. Indian Resort, Tish-Tang-a-Tang Cmpgd.",NA,"J Ledford, S Synhorst"
9038769,40.45,-124.1,"Telemidae","Usofila","USA","California","Humboldt","Eureka",NA,"RVC"
9038773,40.93,-123.68,"Telemidae","Usofila","USA","California","Humboldt","Hwy 299 W of Willow Creek",NA,"LJ Boutin"
9038542,35.73,-118.35,"Telemidae","Usofila","USA","California","Kern","Bodfish, Harrington Cave",NA,"TS Briggs"
9038704,38.07,-122.7,"Telemidae","Usofila","USA","California","Marin","6 mi E Point Reyes Sta",NA,"Grigarick, Smith, Schuster"
9038705,38.13,-122.57,"Telemidae","Usofila","USA","California","Marin","Novato, San Marin Dr.",NA,"D Ubick"
9038706,38.11,-122.51,"Telemidae","Usofila","USA","California","Marin","Black Point",NA,"RO Schuster"
9038707,37.97,-122.58,"Telemidae","Usofila","USA","California","Marin","Ross Bald Hill",NA,"D Ubick, T Briggs"
9038708,38.02,-122.72,"Telemidae","Usofila","USA","California","Marin","Taylor St. Pk.",NA,"V Roth, R Schuster"
9038709,38.13,-122.57,"Telemidae","Usofila","USA","California","Marin","Novato, San Marin Dr.",NA,"D Ubick"
9038710,37.91,-122.49,"Telemidae","Usofila","USA","California","Marin","Ring Mountain",NA,"TS Briggs"
9038711,38.13,-122.57,"Telemidae","Usofila","USA","California","Marin","SE slope Burdell Mtn, Buck Property (site 3)",NA,"D Ubick"
9038712,38.13,-122.57,"Telemidae","Usofila","USA","California","Marin","Novato, San Marin Dr.",NA,"D Ubick"
9038713,38.01,-122.65,"Telemidae","Usofila","USA","California","Marin","San Geronimo",NA,"D Ubick, J Boutin"
9038714,38.13,-122.57,"Telemidae","Usofila","USA","California","Marin","Novato: San Marin Dr.",NA,"D Ubick"
9038715,38.13,-122.57,"Telemidae","Usofila","USA","California","Marin","SE slope Burdell Mtn, Buck Property (site 1)",NA,"D Ubick"
9038716,38.12,-122.57,"Telemidae","Usofila","USA","California","Marin","Novato: San Marin Dr. & Hwy. 101",NA,"D Ubick"
9038717,38.01,-122.65,"Telemidae","Usofila","USA","California","Marin","San Geronimo",NA,"D Ubick"
9038718,38.12,-122.57,"Telemidae","Usofila","USA","California","Marin","Novato: San Marin Dr. & Hwy. 101",NA,"D Ubick"
9038719,37.89,-122.46,"Telemidae","Usofila","USA","California","Marin","South Tiburon: Marinero Ests",NA,"J Boutin"
9038720,37.89,-122.46,"Telemidae","Usofila","USA","California","Marin","South Tiburon: Marinero Ests",NA,"D Ubick, J Boutin"
9038721,37.88,-122.45,"Telemidae","Usofila","USA","California","Marin","South Tiburon Ridge: Marinero Estates",NA,"D Ubick, J Boutin, C Kellner"
9038722,38.13,-122.57,"Telemidae","Usofila","USA","California","Marin","Novato, San Marin Dr.",NA,"D Ubick"
9038723,38.13,-122.57,"Telemidae","Usofila","USA","California","Marin","Novato: SE slope Burdell Mtn",NA,"D Ubick, R Brig"
9038581,37.71,-120,"Telemidae","Usofila","USA","California","Mariposa","Bull Creek Cave, 11 mi. E of Coulterville",NA,"DC Rudolph, B Martin, S Winterath, D Cowan, T Lakner"
9038582,37.79,-119.85,"Telemidae","Usofila","USA","California","Mariposa","6 mi S Mather",NA,"V Roth"
9038583,37.48,-119.96,"Telemidae","Usofila","USA","California","Mariposa","Mariposa",NA,"R Schuster"
9038584,37.49,-119.98,"Telemidae","Usofila","USA","California","Mariposa","Mariposa",NA,"R Schuster"
9038585,37.48,-119.96,"Telemidae","Usofila","USA","California","Mariposa","Mariposa",NA,"R Schuster"
9038586,39.43,-123.77,"Telemidae","Usofila","USA","California","Mendocino","Jackson State Forest: Dunlap Camp 400'",NA,"D Ubick, J Boutin"
9038587,39.43,-123.77,"Telemidae","Usofila","USA","California","Mendocino","Jackson State Forest: Dunlap Camp 400'",NA,"D Ubick"
9038588,39.43,-123.77,"Telemidae","Usofila","USA","California","Mendocino","Jackson State Forest: Big River, 0.5 mi E Big R. Camp",NA,"D Ubick"
9038589,39.84,-123.52,"Telemidae","Usofila","USA","California","Mendocino","Spyrock Road, 9.2 mi NE Hwy 101 (2100')",NA,"D Ubick"
9038590,39.34,-123.81,"Telemidae","Usofila","USA","California","Mendocino","Tranquility, Caspar, 1.5 mi S",NA,"D Ubick"
9038591,39.34,-123.81,"Telemidae","Usofila","USA","California","Mendocino","Caspar, 1.5 mi S, Tranquility",NA,"D Ubick"
9038592,39.41,-123.77,"Telemidae","Usofila","USA","California","Mendocino","Covington Gulch at logging road, 2.5 mi E Hwy 1",NA,"D Ubick"
9038593,39.28,-123.5,"Telemidae","Usofila","USA","California","Mendocino","Fort Bragg",NA,"JR Helfer"
9038594,39.28,-123.78,"Telemidae","Usofila","USA","California","Mendocino","Littleriver",NA,"JR Helfer"
9038595,39.31,-123.8,"Telemidae","Usofila","USA","California","Mendocino","Mendocino",NA,"JR Helfer"
9038596,39.31,-123.8,"Telemidae","Usofila","USA","California","Mendocino","Mendocino",NA,"JR Helfer"
9038597,39.31,-123.8,"Telemidae","Usofila","USA","California","Mendocino","Mendocino",NA,"J Helfer"
9038598,39.28,-123.78,"Telemidae","Usofila","USA","California","Mendocino","Little River",NA,"GA Marsh, JR Helfer"
9038599,39.48,-123.79,"Telemidae","Usofila","USA","California","Mendocino","McKerricher Beach St. Pk., Cleone",NA,"JR Helfer"
9038600,39.31,-123.8,"Telemidae","Usofila","USA","California","Mendocino","Mendocino",NA,"JR Helfer"
9038778,39.43,-123.53,"Telemidae","Usofila","USA","California","Mendocino","Noyo R. 14.5 air mi E Ft. Bragg",NA,"CE Griswold"
9038781,36.06,-121.59,"Telemidae","Usofila","USA","California","Monterey","Pfeiffer, Big Sur State Park",NA,"PR & DL Craig"
9038601,36.05,-121.56,"Telemidae","Usofila","USA","California","Monterey","Limekiln Creek",NA,"D Ubick"
9038602,38.5,-122.47,"Telemidae","Usofila","USA","California","Napa","Mt. St. Helena",NA,"EI Schlinger"
9038603,38.5,-122.47,"Telemidae","Usofila","USA","California","Napa","Mt. St. Helena",NA,"G Marsh, R Schuster, V Roth"
9038604,38.43,-122.21,"Telemidae","Usofila","USA","California","Napa","9 mi S of Monticello",NA,"RO Schuster"
9038605,38.51,-122.21,"Telemidae","Usofila","USA","California","Napa","5 mi S of Monticello",NA,"RO Schuster"
9038606,38.43,-122.21,"Telemidae","Usofila","USA","California","Napa","9 mi S Monticello",NA,"F Raney, RO Schuster"
9039607,38.43,-122.21,"Telemidae","Usofila","USA","California","Napa","9 mi S Monticello",NA,"RO Schuster"
9038608,38.44,-122.54,"Telemidae","Usofila","USA","California","Napa","7mW Oakville",NA,"LM Smith, RO Schuster"
9038609,38.45,-122.21,"Telemidae","Usofila","USA","California","Napa","7 mi. E Rutherford",NA,"RO Schuster"
9038610,38.54,-122.49,"Telemidae","Usofila","USA","California","Napa","3 mi NNE St. Helena",NA,"F Raney"
9038611,38.43,-122.21,"Telemidae","Usofila","USA","California","Napa","9 mi S Monticello",NA,"F Raney, RO Schuster"
9038612,44.51,-123.41,"Telemidae","Usofila","USA","California","Napa","7 mi W Oakville",NA,"VD Roth, R Schuster"
9038613,38.62,-122.58,"Telemidae","Usofila","USA","California","Napa","3 mi N of Calistoga",NA,"GA Marsh, RO Schuster, V Roth"
9038614,38.41,-122.2,"Telemidae","Usofila","USA","California","Napa","10 mi S of Monticello",NA,"RO Schuster"
9038615,38.36,-122.17,"Telemidae","Usofila","USA","California","Napa","Wooden Valley",NA,"SF Bailey"
9038616,38.41,-122.2,"Telemidae","Usofila","USA","California","Napa","10 mi S Monticello",NA,"RO Schuster"
9038618,38.54,-122.51,"Telemidae","Usofila","USA","California","Napa","Bale Mill",NA,"SF Bailey"
9038619,38.41,-122.2,"Telemidae","Usofila","USA","California","Napa","10 mi S of Monticello",NA,"LM Smith, RO Schuster"
9038620,38.56,-122.47,"Telemidae","Usofila","USA","California","Napa","4 mi N of St. Helena",NA,"GA Marsh, RO Schuster, VD Roth"
9038621,38.5,-122.47,"Telemidae","Usofila","USA","California","Napa","Mt. St. Helena",NA,"R Schuster"
9038622,38.41,-122.2,"Telemidae","Usofila","USA","California","Napa","10 mi S of Monticello",NA,"RO Schuster"
9038623,38.54,-122.47,"Telemidae","Usofila","USA","California","Napa","Rutherford, I-3-58 F Raney",NA,"RO Schuster"
9038500,38.88,-121.21,"Telemidae","Usofila","USA","California","Placer","4mW Newcastle",NA,"LM Smith, RO Schuster"
9038501,38.88,-121.21,"Telemidae","Usofila","USA","California","Placer","4mW Newcastle",NA,"F Raney, RO Schuster"
9038502,38.88,-121.21,"Telemidae","Usofila","USA","California","Placer","4mW Newcastle",NA,"LM Smith, RO Schuster"
9038503,38.88,-121.21,"Telemidae","Usofila","USA","California","Placer","4mW Newcastle",NA,"H Lange, LM Smith, RO Schuster"
9038504,38.88,-121.21,"Telemidae","Usofila","USA","California","Placer","4mW Newcastle",NA,"F Raney, RO Schuster"
9038505,38.88,-121.21,"Telemidae","Usofila","USA","California","Placer","4mW Newcastle",NA,"LM Smith, RO Schuster"
9038506,38.88,-121.21,"Telemidae","Usofila","USA","California","Placer","4mW Newcastle",NA,"LM Smith, RO Schuster"
9038507,38.88,-121.21,"Telemidae","Usofila","USA","California","Placer","Newcastle",NA,"LM Smith, RO Schuster"
9038515,39.83,-120.82,"Telemidae","Usofila","USA","California","Plumas","Juniper Cave, WSI #C-96, C-103 and C-105, 10 mi SE Quincy",NA,"R Graham"
9038517,39.37,-120.35,"Telemidae","Usofila","USA","California","Plumas","Soda Springs Cave",NA,"R Graham"
9038518,35.41,-115.49,"Telemidae","Usofila","USA","California","San Bernandino","Crystal Kokoweah Cave nr. Mtn. Pass",NA,"TS Briggs"
9038511,37.77,-122.5,"Telemidae","Usofila","USA","California","San Francisco","SF Golden State Park",NA,"R Schuster"
9038553,37.3,-122.27,"Telemidae","Usofila","USA","California","San Mateo","1 mi S La Honda",NA,"D Ubick"
9038554,37.29,-122.24,"Telemidae","Usofila","USA","California","San Mateo","Alpine Road, 0.5 mi SE Pescadero Rd.",NA,"D Ubick"
9038555,37.45,-122.34,"Telemidae","Usofila","USA","California","San Mateo","E end Purisima Ck. Redwoods Open Space",NA,"D Ubick"
9038556,37.5,-122.45,"Telemidae","Usofila","USA","California","San Mateo","Scarper Peak Road, 1.3 mi SE El Granada-Pilarcitos Lake Rd.",NA,"TS Briggs, D + S Ubick"
9038770,37.26,-122.4,"Telemidae","Usofila","USA","California","San Mateo","Pescadero Beach RB-1",NA,"PR Craig, D Dailey, R Dailey"
9038782,34.67,-120.42,"Telemidae","Usofila","USA","California","San Mateo","Purisima Co. Park",NA,"T Briggs, T Ohsumi"
9038785,37.42,-122.31,"Telemidae","Usofila","USA","California","San Mateo","Edgewood Co. Park, Serpentine Trail",NA,"TS Briggs, VF Lee, D Ubick"
9038624,37.17,-121.31,"Telemidae","Usofila","USA","California","Santa Clara","9.0 mi N Bell Station",NA,"D Ubick"
9038625,37.17,-121.49,"Telemidae","Usofila","USA","California","Santa Clara","Henry Coe St. Pk: midway bet Manzanita Pt. Group Comp and Madrone Soda Spr.",NA,"D Ubick"
9038626,37.17,-121.31,"Telemidae","Usofila","USA","California","Santa Clara","Henry Coe St. Pk: 9.2 mi N Bell Station: N Fork Pacheco Ck",NA,"D Ubick"
9038627,37.22,-121.79,"Telemidae","Usofila","USA","California","Santa Clara","Santa Teresa County Park, Serpentine Grassland",NA,"D Ubick"
9038628,38.63,-122.58,"Telemidae","Usofila","USA","California","Santa Clara","Mt. Madonna",NA,"R Burdick"
9038629,37.42,-122.07,"Telemidae","Usofila","USA","California","Santa Clara","Stevens Creek",NA,"RO Schuster"
9038724,37.22,-121.79,"Telemidae","Usofila","USA","California","Santa Clara","Santa Teresa County Park",NA,"D Ubick"
9038776,37.27,-121.71,"Telemidae","Usofila","USA","California","Santa Clara","1.8 mi N of US Hwy 101 on Metcalf Road",NA,"TS Briggs, D Ubick, VF Lee"
9038543,37.2,-122.06,"Telemidae","Usofila","USA","California","Santa Cruz","6mNE Boulder Cr.",NA,"I Newell"
9038544,37.17,-122.22,"Telemidae","Usofila","USA","California","Santa Cruz","Big Basin",NA,"PP Cook"
9038545,37.13,-122.13,"Telemidae","Usofila","USA","California","Santa Cruz","Boulder Creek",NA,"V Roth"
9038546,36.99,-122.07,"Telemidae","Usofila","USA","California","Santa Cruz","Cave Gulch at Empire Grade Rd.",NA,"D Ubick"
9034549,36.99,-122.07,"Telemidae","Usofila","USA","California","Santa Cruz","Empire Cave",NA,"D Ubick, S Fend, S Renkes"
9038550,36.99,-122.07,"Telemidae","Usofila","USA","California","Santa Cruz","Dolloff Cave",NA,"R Graham"
9034551,37.06,-122.13,"Telemidae","Usofila","USA","California","Santa Cruz","Empire Grade Rd, 0.3 mi s Ben Lomond Youth Cmp.",NA,"D Ubick"
9034552,36.99,-122.07,"Telemidae","Usofila","USA","California","Santa Cruz","Santa Cruz, IXL Cave, Hell Hole Cave",NA,"Rudolph, Dowan, canIngen"
9038682,40.92,-122.23,"Telemidae","Usofila","USA","California","Shasta","Samwel Cave, 7 mi S Point McCloud Resort, Shasta Lake",NA,"R Graham"
9038683,41.12,-122.27,"Telemidae","Usofila","USA","California","Shasta","8 mi S Dunsmuir",NA,"R Schuster, E Gilbert"
9038685,40.92,-122.23,"Telemidae","Usofila","USA","California","Shasta","Samwell Cave, 25 mi N Redding",NA,"Rudolph, Martin, Winterath"
9038686,40.78,-122.28,"Telemidae","Usofila","USA","California","Shasta","Potter Creek Cave",NA,"R Graham"
9038687,40.92,-122.23,"Telemidae","Usofila","USA","California","Shasta","Samwel Cave, Stanford Grotto #23",NA,"Graham"
9038688,40.69,-121.41,"Telemidae","Usofila","USA","California","Shasta","Subway Cave",NA,"R Graham"
9038689,40.92,-122.23,"Telemidae","Usofila","USA","California","Shasta","Samwel Cave, Stanford Grotto #23",NA,"JM Ledford"
9038690,40.92,-122.23,"Telemidae","Usofila","USA","California","Shasta","Samwel Cave, Stanford Grotto #23",NA,"D Ubick"
9038692,40.69,-121.41,"Telemidae","Usofila","USA","California","Shasta","Subway Cave",NA,"R Graham"
9038693,40.92,-122.23,"Telemidae","Usofila","USA","California","Shasta","Samwel Cave, Stanford Grotto #23",NA,"RE Graham"
9038695,40.92,-122.23,"Telemidae","Usofila","USA","California","Shasta","Samwel Cave, Stanford Grotto #23",NA,"RE Graham"
9038696,41.12,-122.27,"Telemidae","Usofila","USA","California","Shasta","8 mi S Dunsmuir",NA,"RO Schuster, EE Gilbert"
9038697,40.92,-122.23,"Telemidae","Usofila","USA","California","Shasta","Samwel Cave",NA,"REG"
9038698,40.92,-122.23,"Telemidae","Usofila","USA","California","Shasta","Samwel Cave, Stanford Grotto #23",NA,"RE Graham"
9038700,40.78,-122.28,"Telemidae","Usofila","USA","California","Shasta","Potter Creek Cave",NA,"D Ubick"
9038701,40.92,-122.23,"Telemidae","Usofila","USA","California","Shasta","Samwel Cave, Stanford Grotto #23",NA,"D Ubick"
9038702,40.69,-121.41,"Telemidae","Usofila","USA","California","Shasta","Samwel Cave, Shasta Lake",NA,"WJ Gertsch, R Schrammel"
9038703,40.91,-122.09,"Telemidae","Usofila","USA","California","Shasta","Madrone Camp (7.5 air miles E Samwell Cave",NA,"D Ubick"
9038771,40.78,-122.28,"Telemidae","Usofila","USA","California","Shasta","Potter Creek Cave",NA,"D Ubick"
9038777,40.88,-122.24,"Telemidae","Usofila","USA","California","Shasta","Dekkas Rock at Gilman Rd",NA,"D Ubick"
9038783,40.92,-122.23,"Telemidae","Usofila","USA","California","Shasta","Samwel Cave, Stanford Grotto #23",NA,"D Ubick"
9038538,39.58,-120.6,"Telemidae","Usofila","USA","California","Sierra","Big Springs, 3 mi E Sierra City",NA,"D Ubick"
9038512,41.36,-123.46,"Telemidae","Usofila","USA","California","Siskiyou","1 mi S of Somes Bar",NA,"V Roth, WJ Gertsch"
9038513,41.52,-122.59,"Telemidae","Usofila","USA","California","Siskiyou","3.5 air mi W Gazelle, True Shasta View Cave",NA,"D Ubick"
9038630,38.33,-122.57,"Telemidae","Usofila","USA","California","Sonoma","Sonoma Mtn., Carriger Ck. At Canyon Dr.",NA,"TS Briggs, D Ubick, V F Lee"
9038631,38.62,-122.82,"Telemidae","Usofila","USA","California","Sonoma","2.5 mi E. Healdsburg",NA,"D Ubick"
9038632,38.3,-122.56,"Telemidae","Usofila","USA","California","Sonoma","Canyon Drive, Deer Park Drive, 3.5 mi W. of El Verano",NA,"TS Briggs, D Ubick, V F Lee"
9038633,38.31,-122.54,"Telemidae","Usofila","USA","California","Sonoma","nr. El Verano Jct. Spring and Prospect Rds. at Diamond Estates Rec. Area",NA,"T Briggs"
9038634,38.55,-122.72,"Telemidae","Usofila","USA","California","Sonoma","Mark West",NA,"J Helfer"
9038636,38.55,-122.73,"Telemidae","Usofila","USA","California","Sonoma","Mark West Resort",NA,"F Raney, RO Schuster"
9038637,38.55,-122.72,"Telemidae","Usofila","USA","California","Sonoma","Mark West Springs",NA,"Marsh, Roth, Schuster"
9038638,38.55,-122.72,"Telemidae","Usofila","USA","California","Sonoma","Mark West Springs",NA,"GA Marsh, RO Schuster, VD Roth"
9038639,38.56,-122.64,"Telemidae","Usofila","USA","California","Sonoma","Petrified Forest",NA,"J Helfer"
9038640,38.36,-122.59,"Telemidae","Usofila","USA","California","Sonoma","3 mi W of Glen Ellen",NA,"Marsh, Roth, Schuster"
9038541,38.21,-122.18,"Telemidae","Usofila","USA","California","Solano","1mW Cordelia",NA,"FC Raney"
9038793,38.27,-122.59,"Telemidae","Usofila","USA","California","Sonoma","SE of Monte Rio, Bohemian Hwy",NA,"D Ubick, T Briggs"
9038539,37.45,-121.33,"Telemidae","Usofila","USA","California","Stanislaus","17.8 mi N Bell Station",NA,"D Ubick"
9038540,37.2,-121.45,"Telemidae","Usofila","USA","California","Stanislaus","Henry Coe St. Pk: 15.0 mi N Bell Station: S Fork Orestimba Ck",NA,"D Ubick"
9038510,40.35,-121.67,"Telemidae","Usofila","USA","California","Tehama","4 mi W Mineral",NA,"R Schuster"
9038641,40.51,-123.31,"Telemidae","Usofila","USA","California","Trinity","Indian Valley Ck., just E. of Cave",NA,"D Ubick"
9038642,40.51,-123.31,"Telemidae","Usofila","USA","California","Trinity","Indian Valley Ck. Cave, 4 air mi SSE Hyampom",NA,"D Ubick"
9038643,40.66,-123.5,"Telemidae","Usofila","USA","California","Trinity","Big Slide Cmpg., N of Hyampom",NA,"D Ubick"
9038644,40.51,-123.31,"Telemidae","Usofila","USA","California","Trinity","Indian Valley Creek Cave",NA,"D Ubick, W Rauscher"
9038645,40.38,-123.33,"Telemidae","Usofila","USA","California","Trinity","Cave nr. Forest Glen Cave",NA,"D Ubick"
9038646,40.65,-122.73,"Telemidae","Usofila","USA","California","Trinity","11 mi E of Douglas City",NA,"R Schuster, E Gilbert"
9038915,36.35,-118.76,"Telemidae","Usofila","USA","California","Tulare","Sequoia Nat'l Park, Clough Cave",NA,"JM Ledford, J Despaine"
9038647,36.35,-118.77,"Telemidae","Usofila","USA","California","Tulare","Clough Cave, Ladder Room, Sequoia N. P.",NA,"Tyson, Brigman, Jeffery"
9038648,36.35,-118.77,"Telemidae","Usofila","USA","California","Tulare","Clough Cave, Sequoia N.P.",NA,"Tyson, Brigman, Jeffery"
9038649,36.35,-118.77,"Telemidae","Usofila","USA","California","Tulare","Clough Cave, 15 mi SE Three Rivers",NA,"Rudolph, vanIngen"
9038650,36.35,-118.77,"Telemidae","Usofila","USA","California","Tulare","Clough Cave, 15 mi SE Three Rivers",NA,"Rudolph, vanIngen"
9038651,36.35,-118.77,"Telemidae","Usofila","USA","California","Tulare","Clough Cave",NA,"D Ubick"
9038652,36.49,-118.82,"Telemidae","Usofila","USA","California","Tulare","Kaweah Cave (nr. Ash Mountain)",NA,"D Ubick"
9038654,36.49,-118.82,"Telemidae","Usofila","USA","California","Tulare","Kaweah Cave",NA,"J Krejca, P Sprouse, S Fryer, D Ubick, P. Paquin, W. Savary"
9038656,36.35,-118.77,"Telemidae","Usofila","USA","California","Tulare","Clough Cave",NA,"J Krejca, P Sprouse, S Fryer, D Ubick, P. Paquin"
9038657,36.35,-118.77,"Telemidae","Usofila","USA","California","Tulare","Clough Cave",NA,"J Krejca, S Fryer, J Snow, P Sprouse"
9038658,36.35,-118.77,"Telemidae","Usofila","USA","California","Tulare","Clough Cave",NA,"J Krejca, P Sprouse, S Fryer, D Ubick, P. Paquin"
9038659,36.35,-118.77,"Telemidae","Usofila","USA","California","Tulare","Clough Cave",NA,"J Krejca, V Loftin"
9038660,36.35,-118.77,"Telemidae","Usofila","USA","California","Tulare","Clough Cave",NA,"J Krejca, P Sprouse, S Fryer, D Ubick, P. Paquin"
9038661,36.35,-118.77,"Telemidae","Usofila","USA","California","Tulare","Clough Cave",NA,"J Krejca, P Sprouse, S Fryer, D Ubick, P. Paquin"
9038662,36.35,-118.77,"Telemidae","Usofila","USA","California","Tulare","Clough Cave",NA,"J Krejca, V Loftin"
9038663,36.49,-118.82,"Telemidae","Usofila","USA","California","Tulare","Kaweah Cave",NA,"J Krejca, P Sprouse, S Fryer, D Ubick, P. Paquin, W. Savary"
9039487,36.49,-118.82,"Telemidae","Usofila","USA","California","Tulare","Kaweah Cave",NA,"J. Krejca, S. Taylor"
9039488,36.49,-118.82,"Telemidae","Usofila","USA","California","Tulare","Kaweah Cave",NA,"J. Krejca, V. Loftin"
9039489,36.49,-118.82,"Telemidae","Usofila","USA","California","Tulare","Kaweah Cave",NA,"J. Krejca, S. Taylor"
9038655,38.13,-120.38,"Telemidae","Usofila","USA","California","Tuolumne","Pinnacle Point Cave, 16.7 km N Sonora",NA,"WR Elliott, AG Grubbs, SA Winterath"
9038664,38.13,-120.38,"Telemidae","Usofila","USA","California","Tuolumne","Pinnacle Point Cave, 10 mi NE Angels Camp",NA,"AG Grubbs, J Davis, N Boice, McEachprn"
9038665,37.41,-121.41,"Telemidae","Usofila","USA","California","Tuolumne","Stanislaus Canyon",NA,"J Reddell"
9038666,38.07,-120.42,"Telemidae","Usofila","USA","California","Tuolumne","McLean's Cave,WSI #C-146, 4.6 km NNW Columbia",NA,"AG Grubbs, SA Winterath"
9038667,38.05,-120.39,"Telemidae","Usofila","USA","California","Tuolumne","Transplant Mine, 3.7 km N Columbia",NA,"WR Elliott, AG Grubbs, SA Winterath"
9038668,38.05,-120.39,"Telemidae","Usofila","USA","California","Tuolumne","Mine Cave, 2 mi NW Columbia",NA,"Rudolph, Martin, S Winterath"
9038670,38.07,-120.42,"Telemidae","Usofila","USA","California","Tuolumne","McLean's Cave, WSI #C-146",NA,"WR Elliott, AG Grubbs, SA Winterath"
9038672,38.08,-120.4,"Telemidae","Usofila","USA","California","Tuolumne","Crystal Palace Cave, WSI #C-60 and C-64, 5 km N of Columbia",NA,"WR Elliott, AG Grubbs, SA Winterath"
9038673,38.05,-120.37,"Telemidae","Usofila","USA","California","Tuolumne","T3N R14E, 2.5 mi NW Columbia",NA,"DC Rudolph, S Winterath"
9038674,38.07,-120.42,"Telemidae","Usofila","USA","California","Tuolumne","McLean's Cave, WSI #C-146, 3 mi N Columbia",NA,"Rudolph, Martin, Winterath, Elliot, Reddell"
9038675,38.06,-120.43,"Telemidae","Usofila","USA","California","Tuolumne","McLean's Cave, WSI #C-146, 4.6 km NNW Columbia",NA,"WR Elliott, AG Grubbs, SA Winterath"
9038676,38.08,-120.4,"Telemidae","Usofila","USA","California","Tuolumne","Crystal Palace Cave, WSI #C-60 and C-64, 3 mi N of Columbia",NA,"Rudolph, Martin"
9038677,38.05,-120.39,"Telemidae","Usofila","USA","California","Tuolumne","Mine, 2 mi N of Columbia",NA,"DC Rudolph, S Winterath"
9038678,38.05,-120.39,"Telemidae","Usofila","USA","California","Tuolumne","Transplant Mine, 3.7 km N Columbia",NA,"WR Elliott, AG Grubbs, SA Winterath"
9038680,38.08,-120.4,"Telemidae","Usofila","USA","California","Tuolumne","Crystal Palace Cave, WSI #C-60 and C-64, 3 mi N of Columbia",NA,"DC Rudolph, S Winterath"
9038681,38.07,-120.42,"Telemidae","Usofila","USA","California","Tuolumne","McLeans Cave, WSI #C-146, 7 mi E Angels Camp",NA,"AG Grubbs, S Winterrath, D Broussard"
9038731,38.07,-120.42,"Telemidae","Usofila","USA","California","Tuolumne","McLean's Cave",NA,"T Brigg"
9038999,38.07,-120.42,"Telemidae","Usofila","USA","California","Tuolumne","2.5 mi N of Columbia, Mclean's Cave",NA,"DH Kavanaugh, GC Hunter, D Ubick"
9038508,38.93,-122.24,"Telemidae","Usofila","USA","California","Yolo","3miN Rumsey",NA,"Smith, Schuster"
